{

"metadata":
{
"sourceFile": "pacman.max",
"generatedBy": "3ds max ThreeJSExporter",
"formatVersion": 3.1,
"vertices": 46,
"normals": 88,
"colors": 0,
"uvs": 0,
"triangles": 88,
"materials": 1
},

"materials": [
{
"DbgIndex" : 0,
"DbgName"  : "dummy",
"colorDiffuse"  : [1.0000, 0.0000, 0.0000],
"vertexColors" : false
}

],

"vertices": [95.64,0.0,-113.058,92.153,0.0,-127.845,84.8376,0.0,-140.248,74.5231,0.0,-149.846,62.0388,0.0,-156.216,48.214,0.0,-158.933,33.8778,0.0,-157.575,19.8596,0.0,-151.719,8.19632,0.0,-141.984,0.376995,0.0,-129.892,-3.59109,0.0,-116.373,-3.70068,0.0,-102.358,0.055542,0.0,-88.7785,7.68481,0.0,-76.5652,19.1944,0.0,-66.6491,33.1194,0.0,-60.5747,47.4325,0.0,-58.9929,61.2982,0.0,-61.4935,73.8806,0.0,-67.6667,84.3438,0.0,-77.1022,91.8523,0.0,-89.3901,95.5701,0.0,-104.12,45.8067,0.0,-108.979,95.64,12.0,-113.058,92.153,12.0,-127.845,84.8376,12.0,-140.248,74.5231,12.0,-149.846,62.0388,12.0,-156.216,48.214,12.0,-158.933,33.8778,12.0,-157.575,19.8596,12.0,-151.719,8.19632,12.0,-141.984,0.376995,12.0,-129.892,-3.59109,12.0,-116.373,-3.70068,12.0,-102.358,0.055542,12.0,-88.7785,7.68481,12.0,-76.5652,19.1944,12.0,-66.6491,33.1194,12.0,-60.5747,47.4325,12.0,-58.9929,61.2982,12.0,-61.4935,73.8806,12.0,-67.6667,84.3438,12.0,-77.1022,91.8523,12.0,-89.3901,95.5701,12.0,-104.12,45.8067,12.0,-108.979],

"normals": [0.973302,0.0,-0.229529,0.973302,0.0,-0.229529,0.861356,0.0,-0.508002,0.861356,0.0,-0.508002,0.681223,0.0,-0.732076,0.681223,0.0,-0.732076,0.454446,0.0,-0.890774,0.454446,0.0,-0.890774,0.192853,0.0,-0.981228,0.192853,0.0,-0.981228,-0.0942908,0.0,-0.995545,-0.0942908,0.0,-0.995545,-0.385455,0.0,-0.922727,-0.385455,0.0,-0.922727,-0.640789,0.0,-0.767717,-0.640789,0.0,-0.767717,-0.839735,0.0,-0.542996,-0.839735,0.0,-0.542996,-0.959521,0.0,-0.281637,-0.959521,0.0,-0.281637,-0.999969,0.0,-0.00781878,-0.999969,0.0,-0.00781878,-0.963807,0.0,0.2666,-0.963807,0.0,0.2666,-0.848124,0.0,0.529798,-0.848124,0.0,0.529798,-0.652716,0.0,0.757603,-0.652716,0.0,0.757603,-0.399837,0.0,0.916586,-0.399837,0.0,0.916586,-0.109847,0.0,0.993949,-0.109847,0.0,0.993949,0.177486,0.0,0.984123,0.177486,0.0,0.984123,0.440462,0.0,0.897771,0.440462,0.0,0.897771,0.669693,0.0,0.742638,0.669693,0.0,0.742638,0.853307,0.0,0.521409,0.853307,0.0,0.521409,0.969594,0.0,0.244721,0.969594,0.0,0.244721,0.0971654,0.0,-0.995268,0.0971654,0.0,-0.995268,0.0815906,0.0,0.996666,0.0815906,0.0,0.996666,0.0,-1.0,0.0,0.0,-1.0,0.0,0.0,-1.0,0.0,0.0,-1.0,0.0,0.0,-1.0,0.0,0.0,-1.0,0.0,0.0,-1.0,0.0,0.0,-1.0,0.0,0.0,-1.0,0.0,0.0,-1.0,0.0,0.0,-1.0,0.0,0.0,-1.0,0.0,0.0,-1.0,0.0,0.0,-1.0,0.0,0.0,-1.0,0.0,0.0,-1.0,0.0,0.0,-1.0,0.0,0.0,-1.0,0.0,0.0,-1.0,0.0,0.0,-1.0,0.0,0.0,-1.0,0.0,0.0,1.0,0.0,0.0,1.0,0.0,0.0,1.0,0.0,0.0,1.0,0.0,0.0,1.0,0.0,0.0,1.0,0.0,0.0,1.0,0.0,0.0,1.0,0.0,0.0,1.0,0.0,0.0,1.0,0.0,0.0,1.0,0.0,0.0,1.0,0.0,0.0,1.0,0.0,0.0,1.0,0.0,0.0,1.0,0.0,0.0,1.0,0.0,0.0,1.0,0.0,0.0,1.0,0.0,0.0,1.0,0.0,0.0,1.0,0.0,0.0,1.0,0.0],

"colors": [],

"uvs": [[]],

"faces": [34,0,1,24,0,0,0,0,34,0,24,23,0,1,1,1,34,1,2,25,0,2,2,2,34,1,25,24,0,3,3,3,34,2,3,26,0,4,4,4,34,2,26,25,0,5,5,5,34,3,4,27,0,6,6,6,34,3,27,26,0,7,7,7,34,4,5,28,0,8,8,8,34,4,28,27,0,9,9,9,34,5,6,29,0,10,10,10,34,5,29,28,0,11,11,11,34,6,7,30,0,12,12,12,34,6,30,29,0,13,13,13,34,7,8,31,0,14,14,14,34,7,31,30,0,15,15,15,34,8,9,32,0,16,16,16,34,8,32,31,0,17,17,17,34,9,10,33,0,18,18,18,34,9,33,32,0,19,19,19,34,10,11,34,0,20,20,20,34,10,34,33,0,21,21,21,34,11,12,35,0,22,22,22,34,11,35,34,0,23,23,23,34,12,13,36,0,24,24,24,34,12,36,35,0,25,25,25,34,13,14,37,0,26,26,26,34,13,37,36,0,27,27,27,34,14,15,38,0,28,28,28,34,14,38,37,0,29,29,29,34,15,16,39,0,30,30,30,34,15,39,38,0,31,31,31,34,16,17,40,0,32,32,32,34,16,40,39,0,33,33,33,34,17,18,41,0,34,34,34,34,17,41,40,0,35,35,35,34,18,19,42,0,36,36,36,34,18,42,41,0,37,37,37,34,19,20,43,0,38,38,38,34,19,43,42,0,39,39,39,34,20,21,44,0,40,40,40,34,20,44,43,0,41,41,41,34,21,22,45,0,42,42,42,34,21,45,44,0,43,43,43,34,22,0,23,0,44,44,44,34,22,23,45,0,45,45,45,34,22,1,0,0,46,46,46,34,20,22,21,0,47,47,47,34,19,22,20,0,48,48,48,34,22,2,1,0,49,49,49,34,22,3,2,0,50,50,50,34,18,22,19,0,51,51,51,34,22,4,3,0,52,52,52,34,17,22,18,0,53,53,53,34,22,5,4,0,54,54,54,34,22,6,5,0,55,55,55,34,22,7,6,0,56,56,56,34,22,8,7,0,57,57,57,34,22,9,8,0,58,58,58,34,22,10,9,0,59,59,59,34,22,11,10,0,60,60,60,34,22,12,11,0,61,61,61,34,22,13,12,0,62,62,62,34,17,13,22,0,63,63,63,34,17,14,13,0,64,64,64,34,17,15,14,0,65,65,65,34,17,16,15,0,66,66,66,34,45,23,24,0,67,67,67,34,43,44,45,0,68,68,68,34,42,43,45,0,69,69,69,34,45,24,25,0,70,70,70,34,45,25,26,0,71,71,71,34,41,42,45,0,72,72,72,34,45,26,27,0,73,73,73,34,40,41,45,0,74,74,74,34,45,27,28,0,75,75,75,34,45,28,29,0,76,76,76,34,45,29,30,0,77,77,77,34,45,30,31,0,78,78,78,34,45,31,32,0,79,79,79,34,45,32,33,0,80,80,80,34,45,33,34,0,81,81,81,34,45,34,35,0,82,82,82,34,45,35,36,0,83,83,83,34,40,45,36,0,84,84,84,34,40,36,37,0,85,85,85,34,40,37,38,0,86,86,86,34,40,38,39,0,87,87,87]

}
